{
  "roi": -0.00022429992959593914,
  "cagr": -0.0008993607976444107,
  "sharpe": -1.5378139746596524,
  "sortino": -2.230394867408443,
  "calmar": -2.9573553358378564,
  "max_drawdown": -0.0003041098195897418,
  "profit_factor": 0.8031682726632078,
  "win_rate": 0.5274725274725275,
  "var": 5.508296371042232e-05,
  "cvar": 6.905406070736266e-05,
  "expected_shortfall": 6.905406070736266e-05,
  "beta": -0.0009911536376049773,
  "alpha": -0.0001892079288212758,
  "information_ratio": -3.07822863658317,
  "volatility": 0.0005849830656581787
}