{
  "delta_usd": -5020.48072029619,
  "delta_fraction": 0.000502048072029619,
  "zone": "green",
  "portfolio_vega": 3121.7649588799345,
  "portfolio_gamma": 5.6162467424271234e-05
}