{
  "delta": -0.09331001830880795,
  "gamma": 5.6162467424271234e-05,
  "vega": 3121.7649588799345,
  "theta": -26.977786794458286,
  "rho": -417.90334227008793,
  "vanna": -1.6455576142961106,
  "volga": 59791.40369293231,
  "charm": 0.013842059584082573,
  "premium": 151.754985898366
}