{
  "liability_put_45000": {
    "premium": 151.754985898366,
    "delta": -0.09331001830880795,
    "gamma": 5.6162467424271234e-05,
    "vega": 3121.7649588799345,
    "theta": -26.977786794458286,
    "rho": -417.90334227008793,
    "vanna": -1.6455576142961106,
    "volga": 59791.40369293231,
    "charm": 0.013842059584082573
  },
  "vega_hedge_call": {
    "premium": 8809.62214068155,
    "delta": 0.9967308695796288,
    "gamma": 1.967660429903172e-06,
    "vega": 109.37150133795512,
    "theta": -0.945170787472307,
    "rho": 3683.988831062379,
    "vanna": -0.05765235665847436,
    "volga": 2094.8007537663216,
    "charm": 0.000484958623810372
  }
}