{
  "ts": "2024-04-01 00:00:00",
  "spot": 53804.30538209727,
  "portfolio_delta": -0.09331001830880795,
  "portfolio_vega": 3121.7649588799345,
  "delta_hedge": -0.09331001830880936,
  "vega_hedge": 3121.7649588799345,
  "residual_delta": 1.4155343563970746e-15,
  "residual_vega": 0.0,
  "pos_spot": -28.542764071910693,
  "pos_vega_option": 28.542764071910845,
  "pnl": -5747.745288390404,
  "fees": 760.9142392861204,
  "n_trades": 111
}