{
  "stable": false,
  "max_rel_change": 180.3816917708476,
  "mean_rel_change": 0.7083574764598781,
  "per_param": {
    "v0": 3.472698760918564,
    "kappa": 0.02504670716478074,
    "theta": 0.02616511325517995,
    "eps": 0.013053849679589441,
    "rho": 0.004822951281274856
  }
}