{
  "heston": {
    "iv_rmse": 0.00023233205376661746,
    "params": {
      "v0": 0.05526652196659405,
      "kappa": 0.03330149119610861,
      "theta": 15.84361501361019,
      "eps": 0.49694704349072694,
      "rho": -0.6740563767434709,
      "flat_yield": 0.0,
      "calibration_error": 5.728851337644141e-06,
      "feller_satisfied": true
    }
  },
  "black_scholes": {
    "atm_iv": 0.32013373429993136,
    "flat_vol": 0.7731383754470331,
    "iv_rmse": 0.7521178441828146
  },
  "sabr": {
    "alpha": 157.98161972115378,
    "beta": 0.5,
    "rho": -0.04753104848253897,
    "nu": 3.001456888325652e-07,
    "rmse": 0.7637115975377482
  }
}