{
  "label": "calm",
  "current_vol": 0.009613509796136472,
  "median_vol": 0.0102755956607808
}