{
  "method": "risk_parity",
  "target_weights": {
    "XLMUSDT": 0.06808923549989222,
    "RUNEUSDT": 0.04249555577471838,
    "DASHUSDT": 0.07280819206118588,
    "SNXUSDT": 0.1065136147451178,
    "SYN050USDT": 0.07563822017785476,
    "SYN001USDT": 0.05248110643938295,
    "ARBUSDT": 0.07109461817573394,
    "SYN033USDT": 0.08478349565584109,
    "LTCUSDT": 0.04767771424212797,
    "SYN011USDT": 0.06683741211484052,
    "SYN016USDT": 0.048006887366936646,
    "ZECUSDT": 0.08729746935763436,
    "GALAUSDT": 0.07291698180386302,
    "LINKUSDT": 0.05964747305739647,
    "ADAUSDT": 0.04371202352747396
  },
  "current_weights": {
    "XLMUSDT": 0.06666666666666667,
    "RUNEUSDT": 0.06666666666666667,
    "DASHUSDT": 0.06666666666666667,
    "SNXUSDT": 0.06666666666666667,
    "SYN050USDT": 0.06666666666666667,
    "SYN001USDT": 0.06666666666666667,
    "ARBUSDT": 0.06666666666666667,
    "SYN033USDT": 0.06666666666666667,
    "LTCUSDT": 0.06666666666666667,
    "SYN011USDT": 0.06666666666666667,
    "SYN016USDT": 0.06666666666666667,
    "ZECUSDT": 0.06666666666666667,
    "GALAUSDT": 0.06666666666666667,
    "LINKUSDT": 0.06666666666666667,
    "ADAUSDT": 0.06666666666666667
  },
  "turnover": 0.2119584791839272,
  "expected_return": 1.4348799038553697,
  "expected_risk": 0.23175996907499566,
  "transaction_cost": 635.8754375517816,
  "triggered": false,
  "rationale": "Method 'risk_parity' delivered total return 42.09% with diversification ratio 1.63 (effective 13.7 bets)."
}