{
  "XLMUSDT": 0.06808923549989222,
  "RUNEUSDT": 0.04249555577471838,
  "DASHUSDT": 0.07280819206118588,
  "SNXUSDT": 0.1065136147451178,
  "SYN050USDT": 0.07563822017785476,
  "SYN001USDT": 0.05248110643938295,
  "ARBUSDT": 0.07109461817573394,
  "SYN033USDT": 0.08478349565584109,
  "LTCUSDT": 0.04767771424212797,
  "SYN011USDT": 0.06683741211484052,
  "SYN016USDT": 0.048006887366936646,
  "ZECUSDT": 0.08729746935763436,
  "GALAUSDT": 0.07291698180386302,
  "LINKUSDT": 0.05964747305739647,
  "ADAUSDT": 0.04371202352747396
}