{
  "mean_variance": {
    "weights": {
      "XLMUSDT": 0.19999999999999987,
      "RUNEUSDT": 0.19999999999999987,
      "DASHUSDT": 1.404791966733452e-16,
      "SNXUSDT": 0.0,
      "SYN050USDT": 4.1382576044236976e-16,
      "SYN001USDT": 0.19999999999999987,
      "ARBUSDT": 0.07600166737457124,
      "SYN033USDT": 0.12399833262542866,
      "LTCUSDT": 0.0,
      "SYN011USDT": 0.0,
      "SYN016USDT": 0.0,
      "ZECUSDT": 0.19999999999999987,
      "GALAUSDT": 0.0,
      "LINKUSDT": 0.0,
      "ADAUSDT": 0.0
    },
    "expected_return": 1.8488789174789564,
    "expected_risk": 0.2747151129628985,
    "sharpe": 6.7301682005702235,
    "backtest": {
      "total_return": 0.4072442133357834,
      "cagr": 2.9968756279465896,
      "sharpe": 6.203184764589544,
      "volatility": 0.22790668037095474,
      "max_drawdown": -0.07979650414430156,
      "diversification_ratio": 1.1600647574504168,
      "effective_n": 5.388047230064139,
      "n_active": 6,
      "max_weight": 0.19999999999998905,
      "hhi": 0.18559599745529626,
      "n_rebalances": 13,
      "total_cost": 0.002488772268051772,
      "avg_diversification_ratio": 1.6007930115062572
    }
  },
  "risk_parity": {
    "weights": {
      "XLMUSDT": 0.06808923549989222,
      "RUNEUSDT": 0.04249555577471838,
      "DASHUSDT": 0.07280819206118588,
      "SNXUSDT": 0.1065136147451178,
      "SYN050USDT": 0.07563822017785476,
      "SYN001USDT": 0.05248110643938295,
      "ARBUSDT": 0.07109461817573394,
      "SYN033USDT": 0.08478349565584109,
      "LTCUSDT": 0.04767771424212797,
      "SYN011USDT": 0.06683741211484052,
      "SYN016USDT": 0.048006887366936646,
      "ZECUSDT": 0.08729746935763436,
      "GALAUSDT": 0.07291698180386302,
      "LINKUSDT": 0.05964747305739647,
      "ADAUSDT": 0.04371202352747396
    },
    "expected_return": 1.4348799038553697,
    "expected_risk": 0.23175996907499566,
    "sharpe": 6.19123272056985,
    "backtest": {
      "total_return": 0.4208736771008783,
      "cagr": 3.156207085754402,
      "sharpe": 6.124756831613214,
      "volatility": 0.2375908388314502,
      "max_drawdown": -0.09534346346232549,
      "diversification_ratio": 1.629762026231892,
      "effective_n": 13.696237768988393,
      "n_active": 15,
      "max_weight": 0.1257546301357444,
      "hhi": 0.07301275115595925,
      "n_rebalances": 13,
      "total_cost": 0.000403491311120251,
      "avg_diversification_ratio": 1.6593060668276376
    }
  },
  "min_variance": {
    "weights": {
      "XLMUSDT": 0.0578238260226848,
      "RUNEUSDT": 0.0,
      "DASHUSDT": 0.1491050617499508,
      "SNXUSDT": 0.2,
      "SYN050USDT": 0.12198169469799708,
      "SYN001USDT": 0.0,
      "ARBUSDT": 0.12308096703323133,
      "SYN033USDT": 0.16173804945620732,
      "LTCUSDT": 7.795567641200834e-18,
      "SYN011USDT": 0.008003526400691097,
      "SYN016USDT": 1.4683109345500158e-18,
      "ZECUSDT": 0.07807517998355548,
      "GALAUSDT": 0.10019169465568205,
      "LINKUSDT": 1.7194181531027384e-18,
      "ADAUSDT": 0.0
    },
    "expected_return": 1.3415110395616012,
    "expected_risk": 0.19788987979557449,
    "sharpe": 6.779078550896174,
    "backtest": {
      "total_return": 0.36461055247182994,
      "cagr": 2.528055318577504,
      "sharpe": 5.636488536974001,
      "volatility": 0.22863202373462096,
      "max_drawdown": -0.08902975372211691,
      "diversification_ratio": 1.74896253101158,
      "effective_n": 5.999546146917291,
      "n_active": 7,
      "max_weight": 0.19999999999999996,
      "hhi": 0.1666792746504373,
      "n_rebalances": 13,
      "total_cost": 0.0019083886936052375,
      "avg_diversification_ratio": 1.7021589251230795
    }
  },
  "max_diversification": {
    "weights": {
      "XLMUSDT": 5.0794675003871617e-17,
      "RUNEUSDT": 0.0,
      "DASHUSDT": 0.006418662051058998,
      "SNXUSDT": 0.16668636303544415,
      "SYN050USDT": 0.07602236396855115,
      "SYN001USDT": 0.06985452182927436,
      "ARBUSDT": 0.11938022038269339,
      "SYN033USDT": 0.16240485059510582,
      "LTCUSDT": 1.18373904899856e-16,
      "SYN011USDT": 0.01778370767411779,
      "SYN016USDT": 0.0,
      "ZECUSDT": 0.16199400094222496,
      "GALAUSDT": 0.1543169867156317,
      "LINKUSDT": 0.06513832280589722,
      "ADAUSDT": 0.0
    },
    "expected_return": 1.503905696336739,
    "expected_risk": 0.21711996494067554,
    "sharpe": 6.926611731664827,
    "backtest": {
      "total_return": 0.38527516037582177,
      "cagr": 2.749793062244412,
      "sharpe": 5.779418326323155,
      "volatility": 0.23376748631002586,
      "max_drawdown": -0.08569079242089851,
      "diversification_ratio": 1.8799942053305392,
      "effective_n": 6.677344739412371,
      "n_active": 8,
      "max_weight": 0.19999999999999948,
      "hhi": 0.14976012756951101,
      "n_rebalances": 13,
      "total_cost": 0.0017184641780409382,
      "avg_diversification_ratio": 1.7445737018185279
    }
  },
  "cvar": {
    "weights": {
      "XLMUSDT": 0.058371950783618995,
      "RUNEUSDT": 0.0,
      "DASHUSDT": 0.0,
      "SNXUSDT": 0.19999999999999987,
      "SYN050USDT": 0.06135721704350746,
      "SYN001USDT": 0.0,
      "ARBUSDT": 0.07247304058965758,
      "SYN033USDT": 0.16941887886284443,
      "LTCUSDT": 0.0,
      "SYN011USDT": 0.05762262381752993,
      "SYN016USDT": 0.0,
      "ZECUSDT": 0.12227683334916539,
      "GALAUSDT": 0.10154055277985165,
      "LINKUSDT": 0.15693890277382452,
      "ADAUSDT": 0.0
    },
    "expected_return": 1.4124891779046524,
    "expected_risk": 0.208421322790654,
    "sharpe": 6.777085755872532,
    "backtest": {
      "total_return": 0.30185961329022293,
      "cagr": 1.9148841102166654,
      "sharpe": 4.904608780210734,
      "volatility": 0.2234696543612134,
      "max_drawdown": -0.09903062486812456,
      "diversification_ratio": 1.5150514420847798,
      "effective_n": 6.140699569812958,
      "n_active": 9,
      "max_weight": 0.20000000000000032,
      "hhi": 0.16284789520006746,
      "n_rebalances": 13,
      "total_cost": 0.0016927312294596807,
      "avg_diversification_ratio": 1.6615338123720824
    }
  }
}