{"stable":false,"max_rel_change":180.3816917708,"mean_rel_change":0.7083574765,"per_param":{"v0":3.4726987609,"kappa":0.0250467072,"theta":0.0261651133,"eps":0.0130538497,"rho":0.0048229513}}