{"roi":-0.0002242999,"cagr":-0.0008993608,"sharpe":-1.5378139747,"sortino":-2.2303948674,"calmar":-2.9573553358,"max_drawdown":-0.0003041098,"profit_factor":0.8031682727,"win_rate":0.5274725275,"var":0.000055083,"cvar":0.0000690541,"expected_shortfall":0.0000690541,"beta":-0.0009911536,"alpha":-0.0001892079,"information_ratio":-3.0782286366,"volatility":0.0005849831}